label,value
Accounting 1,3
Acctg 1,3
Anthro 10,3
Anthro 100,3
Anthro 101,1
Anthro 101.1,1
Anthro 111.1,3
Anthro 112,3
Anthro 118,3
Anthro 123,3
Anthro 133,3
Anthro 151,3
Anthro 161,3
Anthro 167,3
Anthro 172,3
Anthro 173,3
Anthro 179,3
Anthro 181,3
Anthro 190,3
Anthro 194,3
Anthro 202,3
Anthro 205,3
Anthro 212,3
Anthro 223,3
Anthro 224,3
Anthro 225,3
Anthro 261,3
Anthro 275,3
Anthro 277,3
Anthro 278,3
Anthro 282,3
Anthro 297,3
Anthro 300,3
Anthro 400,3
Anthropology 114,4
App Physics,6
Aral Pil,3
Arch 3,3
Arch 4,2
Arch 5,2
Arch 16,2
Arch 18,2
Arch 20,3
Arch 22,3
Arch 23,3
Arch 32,3
Arch 33,3
Arch 35,2
Arch 55,2
Arch 75,3
Arch 134,4
Arch 142,3
Arch 147,3
Arch 149,3
Arch 162,4
Arch 171,4
Arch 199.2,3
Arch 202,3
Arch 205,3
Arch 206,3
Arch 211,3
Arch 221,3
Arch 233,3
Arch 234,3
Arch 236,3
Arch 251,3
Arch 300,3
Archaeo 2,3
Archi 203,3
Archi 210,4
Archi 211,3
Archi 232,3
Archi 233,3
Archi 241,3
Archi 242,3
Archi 243,3
Archi 244,3
Archi 252,3
Archi 253,3
Archi 262,2
Archi 299,6
Archi 300,3
Arkiyoloji 1,3
ARTS 1,3
Art Stud,3
AS 201-A,3
AS 201,3
AS 201-A,3
AS 203,3
AS 206,3
AS 207,3
AS 210,3
AS 211,3
AS 230,3
AS 234,3
AS 235.1,3
AS 235.2,3
AS 235.3,3
AS 236.1,3
AS 236.2,3
AS 236.3,3
AS 237.1,3
AS 237.2,3
AS 237.3,3
AS 250,3
AS 254,3
AS 255.1,3
AS 255.2,3
AS 282,3
AS 298,3
AS 299,6
AS 300,3
B 264,3
B 297,3
BA 99.2,3
BA 101,3
BA 102,3
BA 103,3
BA 105,3
BA 106,4.5
BA 114.2,3
BA 115,3
BA 117,6
BA 118.1,3
BA 118.2,6
BA 118.3,3
BA 119,3
BA 121,3
BA 122.1,5
BA 123,3
BA 124,3
BA 126,3
BA 127,3
BA 129,3
BA 132,3
BA 133,3
BA 141,3
BA 142,3
BA 148,3
BA 151,3
BA 152,3
BA 158,3
BA 162,3
BA 166,3
BA 168,3
BA 170,3
BA 172,3
BA 174,3
BA 177,3
BA 178,3
BA 180.1,3
BA 181,3
BA 182,3
BA 186,3
BA 190,3
BA 192,3
BA 303,3
BA 313,3
BA 335,3
BA 391,3
BA 394,3
BA 395,3
BC 122,3
BC 124,3
BC 148,3
BC 174,3
BC 181,3
BC 182,3
BC 196,3
BC 198,3
BC 199,3
BC 200,3
B Ind/Mal,3
BIO 1,3
BIO 11,2
BIO 11.1,3
BIO 12,2
BIO 12.1,3
BIO 100,3
BIO 101,3
BIO 102,2
BIO 102.1,4
BIO 112,3
BIO 113,4
BIO 120,4
BIO 121,3
BIO 122,2
BIO 122.1,3
BIO 123,5
BIO 133,3
BIO 134,3
BIO 140,2
BIO 140.1,3
BIO 150,2
BIO 150.1,4
BIO 151,3
BIO 160,2
BIO 160.1,3
BIO 163,3
BIO 164,3
BIO 165,3
BIO 191,1
BIO 196,2
BIO 200b,1
BIO 200,2
BIO 200b,1
BIO 200,2
BIO 200b,1
BIO 200,2
BIO 200b,1
BIO 200,2
BIO 200b,1
BIO 200,2
BIO 200b,3
BIO 210,3
BIO 220,3
BIO 233,3
BIO 240,3
BIO 241,3
BIO 243,3
BIO 250,3
BIO 251,3
BIO 260,3
BIO 262,3
BIO 265,3
BIO 281,1
BIO 296,2
BIO 299,3
BIO 300,4
BIO 395,3
BIO 397,2
BIO 399,6
BIO 400,3
Bioethics 212,3
Bioethics 231,3
BJ 101,3
BJ 130,3
BMAS 100,3
BMAS 105,3
BMAS 107,3
BMAS 108,3
BMAS 109,3
BMAS 111,3
BMAS 123,3
BMAS 125,3
BMAS 126,3
CD 11,3
CD 100,3
CD 101,3
CD 110,3
CD 111,3
CD 112,3
CD 121,3
CD 122,3
CD 123,3
CD 126,3
CD 131,3
CD 134,3
CD 135,9
CD 180,9
CD 181,3
CD 190,3
CD 192,3
CD 201,3
CD 202,3
CD 221,3
CD 224,3
CD 231,3
CD 234,3
CD 235,3
CD 236,3
CD 241,3
CD 242,3
CD 271,3
CD 280,3
CD 291,3
CD 292,3
CD 300,2
CE 1,3
CE 11,0
CE 17,4
CE 18,3
CE 22,3
CE 24,0
CE 25,3
CE 29,0
CE 31,2
CE 41,3
CE 111,3
CE 112,4
CE 115,3
CE 116,3
CE 117,3
CE 123,3
CE 124,3
CE 130,3
CE 132,3
CE 141,3
CE 142,4
CE 151,4
CE 152,3
CE 156,3
CE 157,3
CE 162,3
CE 163,1
CE 190,3
CE 197,3
CE 198,3
CE 199,3
CE 201,3
CE 211,3
CE 213,3
CE 214,3
CE 226,3
CE 246,3
CE 248,3
CE 249,3
CE 250,3
CE 252,3
CE 259,3
CE 261,3
CE 262,3
CE 269,3
CE 297,3
CE 300,3
CE 306,3
CE 360,6
CE 400,2
ChE 124,3
ChE 126,2
ChE 135,3
ChE 140,0
ChE 142,2
ChE 144,3
ChE 150,1
ChE 190,3
ChE 197,3
ChE 198,3
ChE 211,3
ChE 229,3
ChE 233,3
ChE 241,3
ChE 251,3
ChE 261,3
ChE 266,1
ChE 296.1,1
ChE 296.2,3
ChE 297,3
ChE 300,3
ChE 400,3
Chem 1,3
Chem 16,2
Chem 16.1,3
Chem 17,2
Chem 17.1,3
Chem 26,2
Chem 26.1,3
Chem 28,2
Chem 28.1,3
Chem 31,2
Chem 31.1,3
Chem 34,3
Chem 40,2
Chem 40.1,3
Chem 105,3
Chem 112,3
Chem 123,1
Chem 145.1,3
Chem 146,3
Chem 154,2
Chem 200,3
Chem 211,3
Chem 220,3
Chem 230,3
Chem 237,3
Chem 240,3
Chem 250,1
Chem 291,1
Chem 292,1
Chem 293,1
Chem 294,1
Chem 295,3
Chem 300,1
Chem 393,3
ChemE 2,3
ChemE 102,3
ChemE 105,3
ChemE 123,3
ChemE 130,3
ChemE 131,3
ChemE 133,2
ChemE 135,0
ChemE 143,2
ChemE 145,3
ChemE 170,3
CL 40,3
CL 100,3
CL 108,3
CL 110,3
CL 111,3
CL 112,3
CL 114,3
CL 121,3
CL 122,3
CL 123,3
CL 134,3
CL 143,3
CL 150,3
CL 151,3
CL 154,3
CL 200,3
CL 250,3
CL 270,3
CL 299,6
CL 300,3
CL 350,12
CL 400,4
CoE 113,3
CoE 115,2
CoE 134,4
CoE 151,3
CoE 161,3
CoE 163,1
CoE 164,3
CoE 197,5
CoE 198,3
Comm 100,3
Comm 110,3
Comm 120,3
Comm 130,3
Comm 140,3
Comm 201,3
Comm 210,3
Comm 211,3
Comm 224,3
Comm 230,3
Comm 233,3
Comm 250,3
Comm 285,3
Comm 299,6
Comm 300,3
Comm 301,3
Comm 307,3
Comm 397,3
CRes 101,3
CRes 130,3
CRes 135,3
CRes 155,3
CRes 175,3
CRes 197,3
CRes 200,3
CS 11,3
CS 12,3
CS 20,4
CS 21,3
CS 30,3
CS 31,4
CS 32,4
CS 33,3
CS 133,3
CS 135,3
CS 136,3
CS 138,4
CS 145,3
CS 150,3
CS 153,4
CS 165,3
CS 176,3
CS 180,3
CS 192,1
CS 194,1
CS 196,3
CS 199,3
CS 204,3
CS 210,3
CS 225,3
CS 239,3
CS 250,3
CS 253,3
CS 258,3
CS 266,3
CS 270,3
CS 282,3
CS 290,3
CS 295,1
CS 296,3
CS 297,3
CS 298,6
CS 300,3
CS 318,3
CS 397,6
CS 400,3
CT 15,0
CT 27,0
CT 109,0
CT 114,0
CT 117.1,3
CT 124,6
CT 171.1,3
CT 171.2,3
CT 197,3
CT 200,3
CTRA 13,3
CTRA 19,3
CTRA 21,2
CTRA 224,3
CW 10,3
CW 100,3
CW 111,3
CW 121,3
CW 141,3
CW 151,3
CW 180,3
CW 199,3
CW 200,3
CW 202,3
CW 211,3
CW 212,3
CW 220,3
CW 241,3
CW 300,3
CW 302,3
CW 310,3
CWTS 2,3
D 17,3
D 18,3
D 19,3
D 21,3
D 23,3
D 27,3
D 151,3
D 161,3
D 171,3
D 196,3
D 200,3
DBE 302,3
DBE 303,4
DBE 311,3
DBE 397,3
DE 251,3
DE 253,3
DE 291,3
DE 292,3
Demo 1,4
Demo 212,4
Demo 225,4
Demo 226,3
Demo 230,3
Demo 240,3
Demo 297.2,3
Demo 298,3
Demo 299,6
Demo 300,3
DRMAPS THU1,3
DRMAPS THU2,3
DRMAPS THU3,3
DRMAPS THU4,3
DRMAPS THU5,3
DRMAPS THU6,3
ECE 113,3
ECE 117,3
ECE 151,3
ECE 161,3
ECE 163,1
ECE 164,3
ECE 197,5
ECE 198,0
Econ 11,0
Econ 100.1,0
Econ 100.2,4
Econ 101,4
Econ 102,3
Econ 103,3
Econ 104,3
Econ 106,3
Econ 121,3
Econ 122,4
Econ 131,3
Econ 132,3
Econ 138,3
Econ 141,3
Econ 151,3
Econ 153,3
Econ 163,3
Econ 181,3
Econ 190.1,3
Econ 190.2,3
Econ 191,3
Econ 198,3
Econ 199,3
Econ 203,3
Econ 204,3
Econ 209,3
Econ 222,3
Econ 232,3
Econ 233,3
Econ 251,3
Econ 271,3
Econ 295,3
Econ 300,3
Econ 301,12
Econ 400,3
EDAD 102,3
EDAD 206,3
EDAD 208,3
EDAD 210,3
EDAD 211,3
EDAD 221,3
EDAD 222,3
EDAD 279,3
EDAD 302,3
EDAD 331,3
EDAD 341,3
EDART 106,3
EDART 165,3
EDART 235,3
EDART 275,3
EDCO 101,3
EDCO 104,3
EDCO 201,3
EDCO 202,3
EDCO 232,3
EDCO 241,3
EDCO 301,3
EDCO 302,3
EDCS 101,3
EDCS 211,3
EDCS 215,3
EDCS 223,3
EDCS 301,3
EDCS 308,3
EDFD 100,3
EDFD 116,3
EDFD 120,3
EDFD 144,3
EDFD 201,3
EDFD 202,3
EDFD 205,3
EDFD 206,3
EDFD 211,3
EDFD 219,3
EDFD 221,3
EDFD 231,3
EDFD 241,3
EDFD 243,3
EDFD 247,3
EDFD 302,3
EDFD 303,3
EDFD 331,3
EDFD 341,3
EDFD 342,3
EDH 100,3
EDH 101,3
EDH 120,3
EDH 125,3
EDH 140,3
EDH 160,3
EDH 203,3
EDH 207,3
EDL 106,3
EDL 112,3
EDL 113,3
EDL 121,3
EDL 131,3
EDL 141,3
EDL 201,3
EDL 205,3
EDL 231,3
EDL 261,3
EDL 305,3
EDLit 122,3
EDLit 169,3
EDLit 179,3
EDLR 101,3
EDMA 101,3
EDNFE 222,3
EDR 151,3
EDR 201,3
EDR 210,3
EDR 221,3
EDR 235,3
EDR 251,3
EDR 278,3
EDR 330,3
EDRE 101,3
EDRE 146,3
EDRE 201,3
EDRE 216,3
EDRE 231,3
EDRE 232,3
EDRE 246,3
EDRE 261,3
EDRE 275,3
EDRE 302,3
EDRE 316,3
EDRE 331,3
EDRE 361,3
EDRE 375,3
EDSC 101,3
EDSC 102,3
EDSC 103,3
EDSC 106,3
EDSC 113,3
EDSC 121,3
EDSC 123,3
EDSC 225,3
EDSC 244.1,3
EDSC 254,3
EDSC 264,3
EDSC 274,3
EDSC 283,3
EDSC 310,3
EDSC 313,3
EDSC 350,3
EDSP 101,3
EDSP 102,3
EDSP 103,3
EDSP 113,3
EDSP 116,3
EDSP 121,3
EDSP 128,3
EDSP 202,3
EDSP 207,3
EDSP 221,3
EDSP 236,3
EDSP 241,3
EDSP 326,3
EDSSE 105,3
EDSSE 120,3
EDSSE 161,3
EDSSE 233,3
EDSSE 242,3
EDTECH 101,3
EDTECH 210,3
EDTECH 211,3
EDTECH 213,3
EDTECH 214,3
EDTEG 201,3
EDTEG 211,3
EDTEG 221,3
EDTEG 277,3
EDUC 100,3
EDUC 102,8
EDUC 180,2
EDUC 181,3
EDUC 190,3
EDUC 280,3
EDUC 293,3
EDUC 300,3
EDUC 382,3
EDUC 390,6
EDUC 400,3
EE 121,3
EE 143,1
EE 146,3
EE 153,3
EE 161,3
EE 163,1
EE 164,3
EE 197,5
EE 198,3
EE 212,3
EE 214,3
EE 224,3
EE 227,3
EE 233,3
EE 240,3
EE 256,3
EE 258,3
EE 274,3
EE 277,3
EE 290,1
EE 296,3
EE 298,3
EE 299,6
EE 300,3
EE 374,3
EE 400,3
EEdu 121,4
EEE 1,3
EEE 3,3
EEE 4,3
EEE 5,1
EEE 44,3
EEE 51,1
EEE 52,3
EEE 53,1
EEE 54,1
EEE 100,3
EEE 101,0
EEE 105,3
EEE 107,3
EEE 121,3
EEE 123,1
EEE 128,3
EEE 141,3
EEE 143,3
EEE 145,3
EEE 147,1
EEE 148,3
EEE 155,2
EEE 190,1
EEE 192,3
EgyE 201,1
EgyE 205,3
EgyE 211,3
EgyE 225,3
EgyE 231,3
EgyE 236,3
EgyE 273,1
EgyE 296,3
EgyE 297,3
EgyE 300,3
EgyE 320,3
EgyE 400,3
EL 50,3
EL 170,3
EL 181,3
EL 200,3
EM 121,3
EM 122,5
EM 141,3
EM 146,3
EM 156,3
EM 157,3
EM 161,5
EM 162,3
EM 197,3
EnE 31,3
EnE 202,4
EnE 203,3
EnE 205,3
EnE 213,3
EnE 215,3
EnE 218,3
EnE 253,3
EnE 270,3
EnE 272,3
EnE 280,3
EnE 283,1
EnE 296,3
EnE 300,3
EnE 303,3
EnE 305,3
EnE 382,3
EnE 400,3
Eng 1,3
Eng 11,3
Eng 12,3
Eng 13,3
Eng 21,3
Eng 22,3
Eng 23,3
Eng 30,3
Eng 42,3
Eng 100,3
Eng 101,3
Eng 104,3
Eng 106,3
Eng 116,3
Eng 118,3
Eng 120,3
Eng 127,3
Eng 131,3
Eng 143,3
Eng 147,3
Eng 158,3
Eng 197,3
Eng 200,3
Eng 204,3
Eng 207,3
Eng 208,3
Eng 210,3
Eng 233,3
Eng 299,6
Eng 300,3
Eng 310,3
Eng 316,3
Eng 371,3
Env Sci,2
ES 1,3
ES 12,3
ES 13,3
ES 15,3
ES 26,0
ES 101,3
ES 102,3
ES 201,3
ES 204,3
ES 230,3
Ethics 1,3
FA 11,3
FA 13,3
FA 15,3
FA 16,3
FA 17,3
FA 18,3
FA 28,3
FA 30,3
FA 133,3
FA 200,3
FA 202,3
FA 203,3
FA 211,3
FA 213,3
FA 215,3
FA 221,3
FA 233,3
FA 236,3
FA 241,6
FA 300,3
Fil 4,3
Fil 10.2,3
Fil 18,3
Fil 20,3
Fil 30,3
Fil 40,3
Fil 50,3
Fil 104,3
Fil 128,3
Fil 155,3
Fil 180,3
Fil 198,3
Fil 200,3
Fil 203,3
Fil 208,3
Fil 225,3
Fil 245,3
Fil 281,3
Fil 290,3
Fil 298,3
Fil 299,6
Fil 300,3
Fil 350,3
Fil 353,3
Fil 381,3
Fil 387,6
Fil 400,3
Film 10,3
Film 12,3
Film 100,3
Film 101,3
Film 102,3
Film 103,3
Film 110,3
Film 112,3
Film 131,3
Film 132,3
Film 133,3
Film 134,3
Film 151,3
Film 153,3
Film 154,3
Film 156,3
Film 157,3
Film 158,3
Film 159,3
Film 171,3
Film 172,3
Film 178,3
Film 180,3
Film 197,3
Film 198,3
Film 199,3
Film 200,3
Film 201,3
Film 203,3
Film 220,3
Film 225,3
Film 230,3
Film 270,3
Film 281,3
Film 297,3
Film 299,3
FLCD 101,4
FLCD 102,3
FLCD 124,3
FLCD 127,3
FLCD 128,4
FLCD 132,3
FLCD 133,6
FLCD 136,3
FLCD 174,4
FLCD 175,3
FLCD 188,3
FLCD 200,3
FLCD 201,3
FLCD 203,3
FLCD 209,3
FLCD 211,3
FLCD 221,3
FLCD 225,3
FLCD 227,3
FLCD 274,3
FLCD 299,6
FLCD 300,3
FN 102,3
FN 110,3
FN 121,4
FN 123,12
FN 126,4
FN 131,4
FN 132,3
FN 134,2
FN 141.1,2
FN 142,6
FN 176,1
FN 190,3
FN 199,3
French 10,3
French 11,3
French 12,3
French 13,6
French 16,3
French 30,3
French 51,3
French 61,3
French 101,3
French 130,3
FS 105,3
FS 110,5
FS 116,3
FS 127,3
FS 128,4
FS 131,3
FS 134,3
FS 139,3
FS 152,3
FS 157,3
FS 159,3
FS 178,3
FS 197,3
FS 199,3
FS 200,3
FS 217,3
FS 218,2
FS 231,2
FS 286,1
FS 290,3
FS 291,2
FS 299,3
FS 300,3
GE 1,3
GE 10,2
GE 11,4
GE 12,3
GE 30,3
GE 117,3
GE 118,4
GE 119,3
GE 120,3
GE 122,4
GE 127,3
GE 128,1
GE 142,3
GE 143,3
GE 148,4
GE 152,3
GE 153,3
GE 154,1
GE 155.1,1
GE 155.2,3
GE 168,1
GE 191,4
GE 199,3
GE 300,3
Geog 1,3
Geog 101,3
Geog 105,3
Geog 109,3
Geog 111,3
Geog 119,4
Geog 121,3
Geog 124,3
Geog 131,3
Geog 135,3
Geog 145,3
Geog 151,3
Geog 161,3
Geog 171,3
Geog 173,3
Geog 190,5
Geog 197,3
Geog 199,3
Geog 211,3
Geog 213,3
Geog 242,3
Geog 243,3
Geog 255,3
Geog 292,6
Geog 300,3
Geog 321,3
Geol 1,3
Geol 11,1
Geol 11.1,2
Geol 12,5
Geol 51,3
Geol 105,3
Geol 117,3
Geol 118,3
Geol 122,4
Geol 131,4
Geol 135,3
Geol 154,6
Geol 170,3
Geol 177,3
Geol 190,5
Geol 194,3
Geol 197,3
Geol 212,4
Geol 250,3
Geol 255,3
Geol 297,3
Geol 399,3
German 10,3
German 11,3
German 12,3
German 13,6
German 16,3
German 30,3
German 51,3
German 61,3
German 101,3
German 130,3
German 140,3
GIM 175,3
GmE 202,3
GmE 203,3
GmE 205,3
GmE 210,3
GmE 216,3
GmE 222,3
GmE 230,3
GmE 231,3
GmE 243,3
GS 197,3
Hapon 10,3
Hapon 11,3
Hapon 12,3
Hapon 13,3
Hapon 110,3
Hapon 120,3
Hapon 121,3
Hapon 122,3
HE 100,3
HE 101,1
HE 290,1
HE 390,3
HEEd 122,3
HEEd 131,3
HEEd 134,3
HEEd 137,3
HEEd 138,3
HEEd 139,3
HEEd 149,3
HEEd 197,3
HEEd 200,3
HEEd 214,3
HEEd 220,3
HEEd 288,6
HEEd 300,3
HEEd 400,3
HMS 201,3
HMS 206,3
HMS 214,3
HMS 215,3
HMS 217,3
HMS 231,3
HMS 234,3
HMS 241,3
HMS 242,3
HMS 298,3
HMS 299,6
HMS 300,3
HRIM 101,3
HRIM 102,3
HRIM 103,3
HRIM 106,3
HRIM 108,5
HRIM 111,3
HRIM 112,3
HRIM 120,3
HRIM 127,3
HRIM 130,3
HRIM 141,3
HRIM 160,3
HRIM 170,4
HRIM 174,5
HRIM 175,2
HRIM 233,2
HRIM 270,6
HRIM 300,3
ID 20,3
ID 21,3
ID 24,3
ID 34,2
ID 107,0
ID 116,2
ID 117,0
ID 121,3
ID 141,0
ID 153,3
ID 161,3
ID 199,3
ID 200,3
ID 216,3
ID 299,6
ID 300,3
IE 3,3
IE 27,3
IE 28,3
IE 31,3
IE 32,2
IE 33,3
IE 40,3
IE 41,3
IE 50,3
IE 122,3
IE 144,3
IE 151,3
IE 155,3
IE 156,2
IE 163,3
IE 171,3
IE 197,3
IE 198,3
IE 211,3
IE 214,3
IE 230,3
IE 241,3
IE 242,3
IE 243,3
IE 245,3
IE 251,3
IE 253,3
IE 281,1
IE 296,3
IE 298,3
IE 299,3
IE 300,0
Int Chi,3
Intl Stud,3
Intsik 10,3
Intsik 11,3
Intsik 12,3
Intsik 13,3
IR 201,3
IR 202,3
IR 204,3
IR 207.1,3
IR 207.2,3
IR 210,3
IR 211,3
IR 213,3
IR 214,3
IR 215,3
IR 216,3
IR 217,3
IR 220,3
IR 222,3
IR 225,3
IR 226,3
IR 242,3
IR 281,3
IR 289,3
IR 299,3
IR 299.1,6
IR 300,3
IS 214,3
IS 225,3
IS 241,3
IS 261,3
IS 271,3
IS 272,3
IS 286,3
IS 291,3
IS 298,3
IS 299,3
Isl Stud,3
Ital 10,3
Ital 11,3
Ital 12,3
Ital 13,3
Ital 101,6
Italian 16,3
Italian 30,3
Italian 51,3
Italian 61,3
Italian 130,3
Japan Studies,3
J 100,3
J 101,5
J102 MRV-MWY,3
J 103,3
J104 WYZ,3
J 105,3
J 110,3
J 111,3
J116 TUV,3
J 117,3
J 121,3
J 122,3
J123 FXZ,3
J123 WRV,3
J 152,3
J195 HWY,3
J196 WRV,3
J199 HYZ,3
J 200,3
J 201,3
J 202,3
J 250,6
J 300,3
Kas 1,3
Kas 2,3
Kas 10,3
Kas 100,3
Kas 102,3
Kas 108,3
Kas 111,3
Kas 114,3
Kas 116,3
Kas 128,3
Kas 154,3
Kas 155,3
Kas 156,3
Kas 158,3
Kas 161,3
Kas 162,3
Kas 196,3
Kas 199,3
Kas 204,3
Kas 209,3
Kas 298,3
Kas 299,3
Kas 300,3
Kas 324,3
Kas 327,3
Kas 328,3
Kas 342,6
Kas 400,3
Koreyano 10,3
Koreyano 11,3
Koreyano 12,3
Koreyano 13,3
Koreyano 110,3
Koreyano 112,3
Koreyano 113,3
Koreyano 120,3
L Arch,3
Latin 10,5
Law 101,2
Law 103,3
Law 104,5
Law 106,3
Law 107,3
Law 108,4
Law 110,3
Law 111,2
Law 112,3
Law 114,2
Law 116,2
Law 117,1
Law 118,2
Law 120,4
Law 122,3
Law 123,3
Law 124,5
Law 125,4
Law 127,4
Law 128,3
Law 129-B,5
Law 130,2
Law 133,2
Law 134,5
Law 136,2
Law 139,3
Law 154,4
Law 159,3
Law 163,2
Law 169,3
Law 171,3
Law 172,3
Law 173,2
Law 174,3
Law 181,2
LAW 254,3
LAW 275,3
Lingg 1,3
Lingg 110,3
Lingg 115,3
Lingg 121,3
Lingg 136,3
Lingg 137,3
Lingg 140,3
Lingg 166,3
Lingg 170,3
Lingg 180,3
Lingg 197,3
Lingg 199,3
Lingg 204,3
Lingg 206,3
Lingg 245,3
Lingg 270,3
Lingg 299,3
Lingg 300,6
Lingg 400,3
LinggPil 280,3
LinggPil 365,3
LinggPil 375,3
LinggPil 380,3
LinggPil 390,3
LIS 10,3
LIS 50,3
LIS 51,3
LIS 55,3
LIS 60,3
LIS 61,3
LIS 62,3
LIS 64,3
LIS 71,3
LIS 114,3
LIS 120,3
LIS 151,3
LIS 152,3
LIS 158,3
LIS 160,3
LIS 161,3
LIS 162,3
LIS 170,3
LIS 172,3
LIS 173,3
LIS 174,3
LIS 181,3
LIS 191,3
LIS 192,3
LIS 195,3
LIS 198,3
LIS 199,3
LIS 200,3
LIS 210,3
LIS 211,3
LIS 218,3
LIS 231,3
LIS 244,3
LIS 260,3
LIS 272,3
LIS 277,4
LIS 290,3
LIS 299,3
LIS 300,3
LStud 204,3
LStud 205,3
LStud 206,3
LTS 2,3
MatE 10,3
MatE 21,3
MatE 23,4
MatE 103,4
MatE 105,3
MatE 107,2
MatE 123,3
MatE 131,1
MatE 131.1,3
MatE 141,1
MatE 141.1,3
MatE 151,1
MatE 151.1,3
MatE 161,2
MatE 165.1,3
MatE 175,2
MatE 175.1,3
MatE 183,3
MatE 185,1
MatE 190,3
MatE 196,3
MatE 197,3
MatE 199,3
Math 2,3
Math 10,4
Math 20,4
Math 21,4
Math 22,4
Math 23,3
Math 30,3
Math 40,4
Math 108,3
Math 110.1,3
Math 110.2,3
Math 110.3,3
Math 117,3
Math 122,3
Math 123.1,3
Math 128,3
Math 133,3
Math 142,3
Math 146,3
Math 150.2,3
Math 158,3
Math 162,3
Math 164,3
Math 171,2
Math 190,3
Math 197,3
Math 200,3
Math 202.2,3
Math 203,3
Math 204,3
Math 209.2,3
Math 210.1,3
Math 210.2,3
Math 211,3
Math 214,3
Math 218,3
Math 220.2,3
Math 222,3
Math 227,3
Math 228,3
Math 235,3
Math 241,3
Math 242,3
Math 243,3
Math 250,3
Math 261,3
Math 262.2,3
Math 265,3
Math 271.1,3
Math 271.2,3
Math 281,3
Math 290,3
Math 295,1
Math 296,3
Math 297,6
Math 300,3
Math 400,3
MBB 1,3
MBB 10,3
MBB 100,5
MBB 110,3
MBB 127,2
MBB 127.1,5
MBB 141,3
MBB 150,4
MBB 190,3
MBB 194,1
MBB 196,3
MBB 197,2
MBB 200,3
MBB 215,3
MBB 225,3
MBB 241,3
MBB 260,3
MBB 289,1
MBB 296,3
MBB 300,3
MBB 340,4
ME 12,1
ME 31,1
ME 32,3
ME 41,4
ME 51,4
ME 62,3
ME 63,3
ME 71,0
ME 73,3
ME 91,2
ME 100,2
ME 113,3
ME 122,3
ME 131,4
ME 134,3
ME 136,3
ME 142,3
ME 143,4
ME 147,3
ME 153,3
ME 154,2
ME 155,3
ME 156,3
ME 164,3
ME 165,4
ME 166,3
ME 172,0
ME 176,2
ME 177,2
ME 180,4
ME 183,4
ME 188,3
ME 197,3
ME 242,3
ME 260,3
ME 267,3
ME 282,6
ME 300,3
Media 220,3
Media 230,3
Media 240,3
Media 250,3
Media 260,3
Media 280,6
Media 300,3
Media 301,3
Media 302,3
Media 303,3
Media 332,12
Media 400,1
MetE 12,1
MetE 17.1,3
MetE 19,3
MetE 20,2
MetE 20.1,3
MetE 127,1
MetE 127.1,2
MetE 128,3
MetE 132,1
MetE 132.1,3
MetE 134,2
MetE 135,3
MetE 136,3
MetE 143,2
MetE 148,1
MetE 150,2
MetE 156,3
MetE 176,1
MetE 176.1,3
MetE 179,3
MetE 197,3
MetE 198,3
MetE 199,3
MetE 221,3
MetE 251,3
MetE 298,3
MetE 300,3
Meteo 204,3
Meteo 213,3
Meteo 223,3
Meteo 224,3
Meteo 225,4
Meteo 231,3
Meteo 234,1
Meteo 296,3
Meteo 300,1
Meteo 396,3
Microbio 211,3
Microbio 221,3
Microbio 241,3
Microbio 261,3
Microbio 281,1
Microbio 296,2
Microbio 299,3
Microbio 300,4
MMME 14,3
MMME 21,3
MPs 10,3
MPs 110,3
MPs 115,3
MPs 161,3
MPs 165,3
MPs 171,3
MPs 173,3
MPs 174,3
MPs 177,3
MPs 179,3
MPs 198,3
MPs 200,3
MPs 215,3
MPs 220,3
MPs 230,6
MPs 300,3
MPs 303,3
MPs 330,3
MPs 398,3
MS 1,3
MS 101,3
MS 102,3
MS 213,3
MS 216,3
MS 217,3
MS 222,3
MS 230,3
MS 240,3
MS 242,3
MS 246,3
MS 250,3
MS 258,3
MS 260,3
MS 272,3
MS 278,3
MS 300,3
MS 361,3
MS 366,1
MS 396,3
MS 397,3
MS 398,6
MS 400,3
MSE 201,1
MSE 213,1
MSE 214,1
MSE 215,1
MSE 218,3
MSE 225,3
MSE 231,3
MSE 233,3
MSE 245,3
MSE 251,3
MSE 265,3
MSE 268,3
MSE 285,1
MSE 296,3
MSE 298,3
MSE 300,3
MSE 400,3
MuC 100,3
MuC 110-B,3
MuC 110-O,3
MuC 110-C,3
MuC 120-C,3
MuC 130-C,3
MuC 130-B,3
MuC 140-C,3
MuC 160-C,3
MuC 170-C,3
MuC 180-O,3
MuC 180-C,3
MuC 190-C,3
MuD 110,3
MuD 111,3
MuD 130,3
MuD 150,3
MuD 170,2
MuD 171,2
MuD 180,3
MuD 192,3
MuD 193,3
MuD 194,3
MuD 200,3
MuEd 100,3
MuEd 105,3
MuEd 110,3
MuEd 116,3
MuEd 120,3
MuEd 130,3
MuEd 141,3
MuEd 145,3
MuEd 147,3
MuEd 191,3
MuEd 231,3
MuK 110,3
MuK 120,3
MuK 130,3
MuK 140,3
MuK 150,3
MuK 160,3
MuK 170,3
MuK 173,3
MuK 180,3
MuK 190,2
MuK 192,3
MuL 11,3
MuL 12,3
MuL 13,3
MuL 15,3
MuL 100,3
MuL 115,3
MuL 133,3
MuL 150,3
MuL 151,3
MuL 192,3
MuL 196,3
MuL 197,3
MuL 199,6
MuL 300,1
MuP 11,1
MuP 21,2
MuP 30,1
MuP 31,2
MuP 40,1
MuP 41,2
MuP 50,1
MuP 51,2
MuP 60,1
MuP 61,2
MuP 70,1
MuP 71,2
MuP 80,1
MuP 81,2
MuP 90,3
MuP 100,3
MuP 110,3
MuP 120,3
MuP 130,3
MuP 140,3
MuP 150,3
MuP 160,3
MuP 170,3
MuP 180,3
MuP 190,1
MuP 194,1
MuP 195,1
MuP 196,1
MuP 197,1
MuP 198,3
MuP 203,3
MuP 204,3
MuP 210,3
MuP 220,3
MuP 251,3
MuP 252,3
MuP 291,1
MuPC 1,1
MuPC 2,1
MuPC 3,1
MuPC 4,1
MuPC 5,1
MuPC 6,1
MuPC 7,1
MuPC 8,1
MuPC 9,1
MuPC 10,2
MuPC 111,3
MuPC 128,3
MuPC 129,2
MuPC 131,2
MuPC 141,2
MuPC 146,2
MuPC 147,2
MuPC 151,3
MuPC 157,2
MuPC 161,3
MuPC 167,2
MuPC 171,3
MuPC 177,2
MuPC 181,3
Mus 303,2
Mus 305,3
Mus 309,3
Mus 397,1
Mus 398,5
MuT 11,5
MuT 13,3
MuT 111,3
MuT 123,3
MuT 135,3
MuT 213,3
NSTP CSSP,3
NSTP CS,3
NSTP CHE,3
NSTP CHK,3
NSTP Educ,3
NSTP CMu,6
NSTP VSB,3
NSTP CMu,3
NSTP CHK,3
NSTP CMC,3
NSTP NCPAG,0
NSTP Common,3
Nutr 202,3
Nutr 225,3
Nutr 265,3
Nutr 299,6
Nutr 300,3
Nutr 350,3
PA 101,3
PA 102,3
PA 103,3
PA 104,3
PA 105,3
PA 106,3
PA 107,3
PA 111,3
PA 112,3
PA 113,3
PA 121,3
PA 124,3
PA 131,3
PA 132,3
PA 141,3
PA 142,3
PA 143,3
PA 151,3
PA 152,3
PA 161,3
PA 162,3
PA 191,3
PA 199.1,3
PA 199.2,3
PA 201,3
PA 208,3
PA 209,3
PA 210,3
PA 211,3
PA 221,3
PA 227,3
PA 231,3
PA 233,3
PA 234,3
PA 241,3
PA 242.1,3
PA 242.2,3
PA 243,3
PA 245,3
PA 251,3
PA 252,3
PA 257,3
PA 276,3
PA 282,3
PA 283,3
PA 289,3
PA 291,3
PA 299.1,3
PA 299.2,3
PA 300,3
PA 301,3
PA 329,3
PA 332,3
PA 359,3
PA 399,3
PA 400,3
Pan Pil,2
PE 1,2
PE 2,2
PE 3,2
PE 4,3
PEd 91,3
PEd 93,3
PEd 94,3
PEd 95,3
PEd 100,3
PEd 120.1,3
PEd 120.2,3
PEd 133.2,3
PEd 134.2,3
PEd 151,3
PEd 152,3
PEd 153.1,3
PEd 158,3
PEd 161.1,3
PEd 172,3
PEd 174,3
PEd 176,3
PEd 177,3
PEd 190,3
PEd 194,3
PEd 196,5
PEd 197,3
PHILARTS 1,3
Philo 1,3
Philo 10,3
Philo 11,3
Philo 110,3
Philo 112,3
Philo 114,3
Philo 120,3
Philo 150,3
Philo 160,3
Philo 172,3
Philo 174,3
Philo 175,3
Philo 176,3
Philo 197,3
Philo 198,3
Philo 199,3
Philo 201,3
Philo 280,3
Philo 291,3
Philo 292,3
Philo 296,3
Philo 298,3
Philo 300,3
Philo 301,3
Philo 350,3
Philo 370,3
Philo 387,6
Philo 400,3
Phil Stud,3
Physics 10,4
Physics 71,1
Physics 71.1,4
Physics 72,1
Physics 72.1,4
Physics 73,1
Physics 73.1,1
Physics 104.1,5
Physics 106,1
Physics 106.1,5
Physics 108,5
Physics 117,4
Physics 126,3
Physics 132,3
Physics 142,3
Physics 151,3
Physics 165,3
Physics 166,3
Physics 170,3
Physics 180,4
Physics 191,4
Physics 192,1
Physics 196,3
Physics 200,3
Physics 202.2,3
Physics 203.2,4
Physics 204.1,3
Physics 204.5,3
Physics 204.6,1
Physics 207,2
Physics 210.1,3
Physics 210.2,3
Physics 225,3
Physics 232,3
Physics 242,3
Physics 251,3
Physics 252,3
Physics 266,3
Physics 271,3
Physics 276,1
Physics 290,1
Physics 296,3
Physics 300,3
Physics 301,3
Physics 305,3
Physics 351,3
Physics 355,3
Physics 399,3
Physics 400,3
PI 100,3
Plan 201,3
Plan 203,3
Plan 205,3
Plan 210,5
Plan 210.1,3
Plan 214,3
Plan 222,3
Plan 230,3
Plan 232,3
Plan 239,3
Plan 240,3
Plan 241,3
Plan 242,3
Plan 249,3
Plan 250,3
Plan 252,3
Plan 257,3
Plan 258,3
Plan 259,3
Plan 280,3
Plan 289,3
Plan 299,6
Plan 300,3
Plan 399,12
Plan 400,3
POLSC 11,3
POLSC 14,3
POLSC 101,3
POLSC 110,3
POLSC 111,3
POLSC 120,3
POLSC 121,3
POLSC 123,3
POLSC 126,3
POLSC 130,3
POLSC 131,3
POLSC 132,3
POLSC 136,3
POLSC 144,3
POLSC 151,3
POLSC 157,3
POLSC 180,3
POLSC 185,3
POLSC 188,3
POLSC 199,3
POLSC 210,3
POLSC 211,3
POLSC 254,3
POLSC 283,3
POLSC 299,3
Port 10,3
Port 11,3
PS 21,3
PS 201,3
PS 202,3
PS 204,3
PS 212,3
PS 213,3
PS 215,3
PS 219,3
PS 220,3
PS 225,3
PS 233,3
PS 237,3
PS 268,3
PS 279,3
PS 282,3
PS 286,3
PS 299,6
PS 300,3
PS 301,3
PS 302,3
PS 330,3
PS 399,12
PS 400,3
Psych 101,3
Psych 103,3
Psych 108,5
Psych 110,4
Psych 115,5
Psych 118,3
Psych 124,3
Psych 135,3
Psych 140,3
Psych 145,4
Psych 148,3
Psych 150,3
Psych 153,3
Psych 155,4
Psych 160,4
Psych 162,4
Psych 163,3
Psych 171,3
Psych 180,3
Psych 202,3
Psych 206,3
Psych 207,3
Psych 208,4
Psych 209,3
Psych 210,3
Psych 212,3
Psych 220,3
Psych 225,3
Psych 252,3
Psych 253,3
Psych 258,3
Psych 259,3
Psych 261,3
Psych 264,3
Psych 265,3
Psych 270,3
Psych 271,3
Psych 272,3
Psych 275,3
Psych 276,3
Psych 280,3
Psych 281,3
Psych 282,3
Psych 287,3
Psych 291,6
Psych 298.1,3
Psych 299,3
Psych 300,3
Psych 303,3
Psych 366,3
Psych 398.1,3
Psych 398.2,6
Psych 400,3
ROTC Mil,3
Russ 10,3
Russ 11,3
SD 303,3
SD 304,3
SD 311,3
SD 399,6
SD 400,3
SEA 30,3
SFA 17,3
SFA 21,3
SFA 23,3
SFA 25,3
SFA 101,3
SFA 103,3
SFA 121,3
SFA 191,3
SFA 193,1
Shop 7,3
Socio 10,3
Socio 11,3
Socio 101,3
Socio 102,3
Socio 118,3
Socio 128,3
Socio 132,3
Socio 140,3
Socio 167,3
Socio 172,3
Socio 179,3
Socio 181,3
Socio 182,3
Socio 183,3
Socio 188,3
Socio 197,3
Socio 200,3
Socio 202,3
Socio 218,3
Socio 271,3
Socio 272,3
Socio 281,3
Socio 282,3
Socio 288,3
Socio 297,3
Socio 300,3
Socio 378,6
Socio 400,3
Soc Sci,3
Span 10,3
Span 11,3
Span 12,3
Span 13,3
Span 40,3
Span 101,3
Span 140,6
Spanish 16,3
Spanish 30,3
Spanish 51,3
Spanish 61,3
Spanish 130,3
Speech 30,3
Speech 100,3
Speech 110,3
Speech 115,3
Speech 120,3
Speech 123,3
Speech 126,3
Speech 130,3
Speech 131,3
Speech 132,3
Speech 136,3
Speech 141,3
Speech 142,3
Speech 150,3
Speech 152,3
Speech 153,3
Speech 156,3
Speech 180,3
Speech 181,3
Speech 183,3
Speech 199,3
Speech 200,3
Speech 201,3
Speech 210,3
Speech 230,3
Speech 291,6
Speech 300,3
SS 102,3
SS 103,3
SS 104,3
SS 105,3
SS 110,3
SS 111,3
SS 120,3
SS 121,3
SS 130,3
SS 140,3
SS 141,3
SS 150,3
SS 151,3
SS 152,3
SS 160,3
SS 161,3
SS 170,3
SS 171,3
SS 181,3
SS 191,3
SS 197,3
SS 199,3
SS 200,3
Stat 101,3
Stat 115,3
Stat 117,3
Stat 121,3
Stat 122,3
Stat 125,4
Stat 131,3
Stat 132,3
Stat 133,3
Stat 136,4
Stat 138,3
Stat 143,4
Stat 147,3
Stat 192,3
Stat 193.1,3
Stat 197,3
Stat 217,6
Stat 218,3
Stat 222,3
Stat 223,3
Stat 225,3
Stat 226,3
Stat 230,3
Stat 232,3
Stat 233,3
Stat 234,3
Stat 235,3
Stat 245,3
Stat 247,3
Stat 250,3
Stat 251,3
Stat 260,3
Stat 261,3
Stat 266,3
Stat 268,3
Stat 280,1
Stat 290,5
Stat 298,4
Stat 299,3
Stat 300,3
Stat 302,2
Stat 390,1
Stat 396,3
Stat 400,3
STS 1,3
SW 110,3
SW 120,3
SW 121,3
SW 130,3
SW 132,3
SW 134,3
SW 141,3
SW 143,3
SW 145,3
SW 146,5
SW 150,15
SW 151,3
SW 198,3
SW 199.2,3
SW 201,3
SW 202,3
SW 210,3
SW 211,3
SW 215,3
SW 220,3
SW 225,3
SW 226,3
SW 235,3
SW 253,3
SW 255,3
SW 256,3
SW 285,3
SW 286,3
SW 287,3
SW 290,3
SW 300,3
TFA 155,3
TFA 157,3
TFA 161,3
TFA 163,3
TFA 166,3
TFA 180,3
TFA 187,3
TFA 190,3
Thai 10,3
Thai 11,3
Theatre 11,3
Theatre 12,3
Theatre 100,3
Theatre 102,3
Theatre 104,3
Theatre 110,3
Theatre 113,3
Theatre 120,3
Theatre 121,3
Theatre 131,3
Theatre 134,3
Theatre 141,3
Theatre 142,3
Theatre 151,3
Theatre 152,3
Theatre 154,3
Theatre 162,3
Theatre 170,3
Theatre 182,3
Theatre 200,3
Theatre 202,3
Theatre 208,3
Theatre 211,3
Theatre 241,6
Theatre 300,3
TM 201,3
TM 204,3
TM 205,3
TM 206,3
TM 225,3
TM 241,3
TM 251,3
TM 255,3
TM 281,3
TM 291,3
TM 298,3
TM 299,4
Tour 102,3
Tour 110,3
Tour 111,3
Tour 112,3
Tour 113,3
Tour 115,3
Tour 116,3
Tour 117,3
Tour 119,4
Tour 120,3
Tour 126,3
Tour 131,3
Tour 136,3
Tour 153,3
Tour 161,3
Tour 167,3
Tour 181,3
Tour 182,3
Tour 197,3
Tour 198,3
Tour 199,3
Tour 200,3
Tour 201,3
Tour 202,3
Tour 203,3
Tour 204,3
Tour 205,3
Tour 212,3
Tour 213,3
Tour 281,3
Tour 282,1
Tour 298,3
Tour 299,6
Tour 300,3
VC 21,3
VC 23,3
VC 25,3
VC 27,3
VC 29,3
VC 36,3
VC 40,3
VC 50,3
VC 101,3
VC 121,3
VC 131,3
VC 137,3
VC 138,3
VC 152,3
VC 200,3
WD 201,3
WD 210,3
WD 221,3
WD 227,3
WD 230,3
WD 231,3
WD 270,3
WD 271,3
WD 280,3
WD 281,3
WD 291,3
WD 292,3
